Model,MAE,RMSE,MAPE,Directional Accuracy,Sharpe Ratio
CNN+LSTM,100.74964883615588,107.6327625351951,43.16372708643796,0.4761643835616438,126.64199469437943
